SampleID,Species,CommonName,Week,Date,Length(mm),ForkLength(mm),Weight,Reef,TotalCount,TotalMass,d15N,d13C,Note
,Leiostomus xanthurus,Spot,2,7/26/23,133,125,29,1,,,,,
,Leiostomus xanthurus,Spot,2,7/26/23,115,111,20,1,,,,,
,Trachinotus faclatus,Permit,2,7/26/23,28,27,1,1,,,,,
,Fundulus majalis,Striped Killifish,2,7/26/23,44,,1,1,,,,,
,Fundulus majalis,Striped Killifish,2,7/26/23,138,,30,1,,,,,
,Fundulus majalis,Striped Killifish,2,7/26/23,125,,23,1,,,,,
,Fundulus majalis,Striped Killifish,2,7/26/23,101,,11,1,,,,,
,Fundulus majalis,Striped Killifish,2,7/26/23,125,,22,1,,,,,
,Caranx bartholomaei,Yellow Jack,2,7/26/23,79,70,7,1,,,,,
,Cynoscion regalis,Weakfish,2,7/26/23,51,,1,1,,,,,
,Cynoscion regalis,Weakfish,2,7/26/23,72,,1,1,,,,,
,Bairdiella chrysoura,Silver Perch,2,7/26/23,22,,<1,1,,,,,
,Bairdiella chrysoura,Silver Perch,2,7/26/23,20,,<1,1,,,,,
,Pagurus sp.,Hermit Crab,2,7/26/23,17,,,1,,,,,
,Pagurus sp.,Hermit Crab,2,7/26/23,19,,,1,,,,,
,Pagurus sp.,Hermit Crab,2,7/26/23,17,,,1,,,,,
,Pagurus sp.,Hermit Crab,2,7/26/23,18,,,1,,,,,
,Pagurus sp.,Hermit Crab,2,7/26/23,11,,,1,,,,,
,Pagurus sp.,Hermit Crab,2,7/26/23,9,,,1,,,,,
,Pagurus sp.,Hermit Crab,2,7/26/23,6,,,1,,,,,
,Pagurus sp.,Hermit Crab,2,7/26/23,16,,,1,,,,,
,Pagurus sp.,Hermit Crab,2,7/26/23,17,,,1,,,,,
,Pagurus sp.,Hermit Crab,2,7/26/23,13,,,1,,,,,
,Pagurus sp.,Hermit Crab,2,7/26/23,,,9,1,18,9,,,
,Callinectes sapidus,Blue Crab,2,7/26/23,74,,31,1,,,,,
,Menidia menidia,Silverside,2,7/26/23,78,73,3,1,,,,,
,Menidia menidia,Silverside,2,7/26/23,51,48,1,1,,,,,
,Menidia menidia,Silverside,2,7/26/23,78,73,3,1,,,,,
,Menidia menidia,Silverside,2,7/26/23,49,46,1,1,,,,,
,Menidia menidia,Silverside,2,7/26/23,61,56,2,1,,,,,
,Menidia menidia,Silverside,2,7/26/23,43,40,1,1,,,,,
,Menidia menidia,Silverside,2,7/26/23,73,68,2,1,,,,,
,Menidia menidia,Silverside,2,7/26/23,41,39,1,1,,,,,
,Menidia menidia,Silverside,2,7/26/23,80,76,4,1,,,,,
,Menidia menidia,Silverside,2,7/26/23,39,36,1,1,,,,,
,Menidia menidia,Silverside,2,7/26/23,,,131,1,120,131,,,
,Anchoa mitchilli,Striped Anchovy,2,7/26/23,80,71,4,1,,,,,
,Anchoa mitchilli,Striped Anchovy,2,7/26/23,78,72,4,1,,,,,
,Anchoa mitchilli,Striped Anchovy,2,7/26/23,75,64,3,1,,,,,
,Anchoa mitchilli,Striped Anchovy,2,7/26/23,60,51,2,1,,,,,
,Fundulus heteroclitus,Mummichog,2,7/26/23,51,,3,1,,,,,
,Fundulus heteroclitus,Mummichog,2,7/26/23,84,,9,1,,,,,
,Fundulus heteroclitus,Mummichog,2,7/26/23,76,,6,1,,,,,
,Fundulus heteroclitus,Mummichog,2,7/26/23,75,,6,1,,,,,
,Palaemon vulgaris,Grass Shrimp,2,7/26/23,30,,,1,,,,,
,Palaemon vulgaris,Grass Shrimp,2,7/26/23,24,,,1,,,,,
,Palaemon vulgaris,Grass Shrimp,2,7/26/23,30,,,1,,,,,
,Palaemon vulgaris,Grass Shrimp,2,7/26/23,23,,,1,,,,,
,Palaemon vulgaris,Grass Shrimp,2,7/26/23,27,,,1,,,,,
,Palaemon vulgaris,Grass Shrimp,2,7/26/23,22,,,1,,,,,
,Palaemon vulgaris,Grass Shrimp,2,7/26/23,24,,,1,,,,,
,Palaemon vulgaris,Grass Shrimp,2,7/26/23,28,,,1,,,,,
,Palaemon vulgaris,Grass Shrimp,2,7/26/23,20,,,1,,,,,
,Palaemon vulgaris,Grass Shrimp,2,7/26/23,34,,,1,,,,,
,Palaemon vulgaris,Grass Shrimp,2,7/26/23,,,4,1,22,4,,,
,Morone americana,White Perch,2,7/26/23,28,24,<1,1,,,,,
,Anchoa mitchilli,Anchovy,2,7/26/23,28,,,2,,,,,
,Anchoa mitchilli,Anchovy,2,7/26/23,26,,,2,,,,,
,Anchoa mitchilli,Anchovy,2,7/26/23,29,,,2,,,,,
,Anchoa mitchilli,Anchovy,2,7/26/23,28,,,2,,,,,
,Anchoa mitchilli,Anchovy,2,7/26/23,27,,,2,,,,,
,Anchoa mitchilli,Anchovy,2,7/26/23,26,,,2,,,,,
,Anchoa mitchilli,Anchovy,2,7/26/23,23,,,2,,,,,
,Anchoa mitchilli,Anchovy,2,7/26/23,26,,,2,,,,,
,Anchoa mitchilli,Anchovy,2,7/26/23,26,,,2,,,,,
,Anchoa mitchilli,Anchovy,2,7/26/23,27,,,2,,,,,
,Anchoa mitchilli,Anchovy,2,7/26/23,,,136,2,1315,136,,,total number estimated based off weights
,Anchoa mitchilli,Anchovy,2,7/26/23,45,40,1,2,,,,,
,Anchoa mitchilli,Anchovy,2,7/26/23,39,36,1,2,,,,,
,Bairdiella chrysoura,SIlver Perch,2,7/26/23,28,,1,2,,,,,
,Bairdiella chrysoura,SIlver Perch,2,7/26/23,21,,1,2,,,,,
,Bairdiella chrysoura,SIlver Perch,2,7/26/23,31,,1,2,,,,,
,Bairdiella chrysoura,SIlver Perch,2,7/26/23,30,,1,2,,,,,
,Orthopristis chrysoptera,Pigfish,2,7/26/23,22,,<1,2,,,,,
,Orthopristis chrysoptera,Pigfish,2,7/26/23,26,,<1,2,,,,,
,Menidia menidia,Silverside,2,7/26/23,125,118,10,2,,,,,
,Menidia menidia,Silverside,2,7/26/23,53,50,2,2,,,,,
,Menidia menidia,Silverside,2,7/26/23,42,38,1,2,,,,,
,Menidia menidia,Silverside,2,7/26/23,109,103,8,2,,,,,
,Menidia menidia,Silverside,2,7/26/23,49,46,1,2,,,,,
,Menidia menidia,Silverside,2,7/26/23,51,49,1,2,,,,,
,Menidia menidia,Silverside,2,7/26/23,39,37,1,2,,,,,
,Menidia menidia,Silverside,2,7/26/23,93,86,4,2,,,,,
,Menidia menidia,Silverside,2,7/26/23,77,73,3,2,,,,,
,Menidia menidia,Silverside,2,7/26/23,38,36,1,2,,,,,
,Menidia menidia,Silverside,2,7/26/23,,,247,2,141,247,,,
,Callinectes sapidus,Blue Crab,2,7/26/23,220,,128,2,,,,,
,Caranx hippos,Crevalle Jack,2,7/26/23,71,67,6,2,,,,,
,Caranx hippos,Crevalle Jack,2,7/26/23,40,37,1,2,,,,,
,Fundulus heteroclitus,Mummichog,2,7/26/23,37,,2,2,,,,,
,Leiostomus xanthurus,Spot,2,7/26/23,80,76,7,2,,,,,
,Leiostomus xanthurus,Spot,2,7/26/23,86,82,8,2,,,,,
,Leiostomus xanthurus,Spot,2,7/26/23,86,80,8,2,,,,,
,Fundulus majalis,Striped Killifish,2,7/26/23,91,,9,2,,,,,
,Fundulus majalis,Striped Killifish,2,7/26/23,59,,3,2,,,,,
,Fundulus majalis,Striped Killifish,2,7/26/23,61,,3,2,,,,,
,Fundulus majalis,Striped Killifish,2,7/26/23,55,,2,2,,,,,
,Fundulus majalis,Striped Killifish,2,7/26/23,47,,1,2,,,,,
,Fundulus majalis,Striped Killifish,2,7/26/23,39,,1,2,,,,,
,Pagurus sp.,Hermit Crab,2,7/26/23,4,,1,2,,,,,
,Pagurus sp.,Hermit Crab,2,7/26/23,3,,1,2,,,,,
,Pagurus sp.,Hermit Crab,2,7/26/23,4,,1,2,,,,,
,Palaemon vulgaris,Grass Shrimp,2,7/26/23,19,,,2,,,,,
,Palaemon vulgaris,Grass Shrimp,2,7/26/23,23,,,2,,,,,
,Palaemon vulgaris,Grass Shrimp,2,7/26/23,14,,,2,,,,,
,Palaemon vulgaris,Grass Shrimp,2,7/26/23,15,,,2,,,,,
,Palaemon vulgaris,Grass Shrimp,2,7/26/23,22,,,2,,,,,
,Palaemon vulgaris,Grass Shrimp,2,7/26/23,35,,,2,,,,,
,Palaemon vulgaris,Grass Shrimp,2,7/26/23,20,,,2,,,,,
,Palaemon vulgaris,Grass Shrimp,2,7/26/23,24,,,2,,,,,
,Palaemon vulgaris,Grass Shrimp,2,7/26/23,15,,,2,,,,,
,Palaemon vulgaris,Grass Shrimp,2,7/26/23,26,,,2,,,,,
,Palaemon vulgaris,Grass Shrimp,2,7/26/23,,,2,2,19,2,,,Eggs on one
,Tautoga onitis,Tautog,2,7/26/23,44,,1,4,,,,,
,Tautoga onitis,Tautog,2,7/26/23,47,,2,4,,,,,
,Tautoga onitis,Tautog,2,7/26/23,35,,1,4,,,,,
,Fundulus heteroclitus,Mummichog,2,7/26/23,63,,,4,,,,,
,Fundulus heteroclitus,Mummichog,2,7/26/23,68,,,4,,,,,
,Fundulus heteroclitus,Mummichog,2,7/26/23,72,,,4,,,,,
,Fundulus heteroclitus,Mummichog,2,7/26/23,81,,,4,,,,,
,Fundulus heteroclitus,Mummichog,2,7/26/23,80,,,4,,,,,
,Fundulus heteroclitus,Mummichog,2,7/26/23,79,,,4,,,,,
,Fundulus heteroclitus,Mummichog,2,7/26/23,70,,,4,,,,,
,Fundulus heteroclitus,Mummichog,2,7/26/23,70,,,4,,,,,
,Fundulus heteroclitus,Mummichog,2,7/26/23,58,,,4,,,,,
,Fundulus heteroclitus,Mummichog,2,7/26/23,61,,,4,,,,,
,Fundulus heteroclitus,Mummichog,2,7/26/23,,,607,4,120,607,,,
,Callinectes sapidus,Blue Crab,2,7/26/23,82,,,4,,,,,
,Callinectes sapidus,Blue Crab,2,7/26/23,39,,,4,,,,,
,Callinectes sapidus,Blue Crab,2,7/26/23,110,,,4,,,,,1 claw
,Callinectes sapidus,Blue Crab,2,7/26/23,105,,,4,,,,,
,Callinectes sapidus,Blue Crab,2,7/26/23,89,,,4,,,,,
,Callinectes sapidus,Blue Crab,2,7/26/23,40,,,4,,,,,
,Callinectes sapidus,Blue Crab,2,7/26/23,55,,,4,,,,,
,Callinectes sapidus,Blue Crab,2,7/26/23,59,,,4,,,,,
,Callinectes sapidus,Blue Crab,2,7/26/23,35,,,4,,,,,
,Callinectes sapidus,Blue Crab,2,7/26/23,37,,,4,,,,,
,Callinectes sapidus,Blue Crab,2,7/26/23,,,287,4,11,287,,,
,Menidia menidia,Silverside,2,7/26/23,73,68,,4,,,,,
,Menidia menidia,Silverside,2,7/26/23,38,37,,4,,,,,
,Menidia menidia,Silverside,2,7/26/23,55,51,,4,,,,,
,Menidia menidia,Silverside,2,7/26/23,36,34,,4,,,,,
,Menidia menidia,Silverside,2,7/26/23,46,44,,4,,,,,
,Menidia menidia,Silverside,2,7/26/23,63,60,,4,,,,,
,Menidia menidia,Silverside,2,7/26/23,73,68,,4,,,,,
,Menidia menidia,Silverside,2,7/26/23,35,34,,4,,,,,
,Menidia menidia,Silverside,2,7/26/23,43,40,,4,,,,,
,Menidia menidia,Silverside,2,7/26/23,44,41,,4,,,,,
,Menidia menidia,Silverside,2,7/26/23,,,84,4,108,84,,,
,Panopeus herbstii,Mud Crab,2,7/26/23,9,,,4,,,,,
,Panopeus herbstii,Mud Crab,2,7/26/23,7,,,4,,,,,
,Panopeus herbstii,Mud Crab,2,7/26/23,6,,,4,,,,,
,Panopeus herbstii,Mud Crab,2,7/26/23,6,,,4,,,,,
,Panopeus herbstii,Mud Crab,2,7/26/23,11,,,4,,,,,
,Panopeus herbstii,Mud Crab,2,7/26/23,,,1,4,5,1,,,
,Anguilla rostrata,American Eel,2,7/26/23,171,,7,4,,,,,
,Syngnathus fuscus,Northern Pipefish,2,7/26/23,140,,1,4,,,,,
,Syngnathus fuscus,Northern Pipefish,2,7/26/23,110,,1,4,,,,,
,Syngnathus fuscus,Northern Pipefish,2,7/26/23,143,,2,4,,,,,
,Lagodon rhomboides,Pinfish,2,7/26/23,70,65,5,4,,,,,
,Palaemon vulgaris,Grass Shrimp,2,7/26/23,26,,,4,,,,,
,Palaemon vulgaris,Grass Shrimp,2,7/26/23,21,,,4,,,,,
,Palaemon vulgaris,Grass Shrimp,2,7/26/23,25,,,4,,,,,
,Palaemon vulgaris,Grass Shrimp,2,7/26/23,32,,,4,,,,,
,Palaemon vulgaris,Grass Shrimp,2,7/26/23,23,,,4,,,,,
,Palaemon vulgaris,Grass Shrimp,2,7/26/23,33,,,4,,,,,
,Palaemon vulgaris,Grass Shrimp,2,7/26/23,23,,,4,,,,,
,Palaemon vulgaris,Grass Shrimp,2,7/26/23,17,,,4,,,,,
,Palaemon vulgaris,Grass Shrimp,2,7/26/23,24,,,4,,,,,
,Palaemon vulgaris,Grass Shrimp,2,7/26/23,26,,,4,,,,,
,Palaemon vulgaris,Grass Shrimp,2,7/26/23,,,50,4,230,50,,,total count estimated by mass
,Centropristis striata,Black Sea Bass,2,7/26/23,30,,1,4,,,,,
,Gobiosoma bosc,Naked Goby,2,7/26/23,22,,1,4,,,,,
,Bairdiella chrysoura,Silver Perch,2,7/26/23,29,,1,4,,,,,
,Crepidula spp.,Slipper Shell,2,7/26/23,3,,,4,,,,,
,Crepidula spp.,Slipper Shell,2,7/26/23,6,,,4,,,,,
,Crepidula spp.,Slipper Shell,2,7/26/23,5,,,4,,,,,
,Crepidula spp.,Slipper Shell,2,7/26/23,5,,,4,,,,,
,Crepidula spp.,Slipper Shell,2,7/26/23,3,,,4,,,,,
,Crepidula spp.,Slipper Shell,2,7/26/23,3,,,4,,,,,
,Crepidula spp.,Slipper Shell,2,7/26/23,3,,,4,,,,,
,Crepidula spp.,Slipper Shell,2,7/26/23,4,,,4,,,,,
,Crepidula spp.,Slipper Shell,2,7/26/23,2,,,4,,,,,
,Crepidula spp.,Slipper Shell,2,7/26/23,4,,,4,,,,,
,Crepidula spp.,Slipper Shell,2,7/26/23,,,1,4,9,<1,,,
,Ilyanassa obsoleta,Mud Snail,2,7/26/23,6,,,4,,,,,
,Ilyanassa obsoleta,Mud Snail,2,7/26/23,3,,,4,,,,,
,Ilyanassa obsoleta,Mud Snail,2,7/26/23,4,,,4,,,,,
,Ilyanassa obsoleta,Mud Snail,2,7/26/23,5,,,4,,,,,
,Ilyanassa obsoleta,Mud Snail,2,7/26/23,6,,,4,,,,,
,Ilyanassa obsoleta,Mud Snail,2,7/26/23,4,,,4,,,,,
,Ilyanassa obsoleta,Mud Snail,2,7/26/23,4,,,4,,,,,
,Ilyanassa obsoleta,Mud Snail,2,7/26/23,5,,,4,,,,,
,Ilyanassa obsoleta,Mud Snail,2,7/26/23,4,,,4,,,,,
,Ilyanassa obsoleta,Mud Snail,2,7/26/23,5,,,4,,,,,
,Ilyanassa obsoleta,Mud Snail,2,7/26/23,3,,,4,,,,,
,Ilyanassa obsoleta,Mud Snail,2,7/26/23,,,8,4,15,8,,,
,Pagurus sp.,Hermit Crab,2,7/26/23,6,,,4,,,,,
,Pagurus sp.,Hermit Crab,2,7/26/23,9,,,4,,,,,
,Pagurus sp.,Hermit Crab,2,7/26/23,4,,,4,,,,,
,Pagurus sp.,Hermit Crab,2,7/26/23,7,,,4,,,,,
,Pagurus sp.,Hermit Crab,2,7/26/23,7,,,4,,,,,
,Pagurus sp.,Hermit Crab,2,7/26/23,10,,,4,,,,,
,Pagurus sp.,Hermit Crab,2,7/26/23,6,,,4,,,,,
,Pagurus sp.,Hermit Crab,2,7/26/23,3,,,4,,,,,
,Pagurus sp.,Hermit Crab,2,7/26/23,6,,,4,,,,,
,Pagurus sp.,Hermit Crab,2,7/26/23,5,,,4,,,,,
,Pagurus sp.,Hermit Crab,2,7/26/23,,,9,4,19,9,,,
,Anchoa mitchilli,Anchovy,5,8/17/23,33,30,,1,,,,,
,Anchoa mitchilli,Anchovy,5,8/17/23,23,21,,1,,,,,
,Anchoa mitchilli,Anchovy,5,8/17/23,32,30,,1,,,,,
,Anchoa mitchilli,Anchovy,5,8/17/23,31,28,,1,,,,,
,Anchoa mitchilli,Anchovy,5,8/17/23,44,39,,1,,,,,
,Anchoa mitchilli,Anchovy,5,8/17/23,39,37,,1,,,,,
,Anchoa mitchilli,Anchovy,5,8/17/23,32,30,,1,,,,,
,Anchoa mitchilli,Anchovy,5,8/17/23,31,28,,1,,,,,
,Anchoa mitchilli,Anchovy,5,8/17/23,31,29,,1,,,,,
,Anchoa mitchilli,Anchovy,5,8/17/23,31,29,,1,,,,,
,Anchoa mitchilli,Anchovy,5,8/17/23,,,26,1,139,26,,,total count estimated by mass
,Palaemon vulgaris,Grass Shrimp,5,8/17/23,31,,,1,,,,,
,Palaemon vulgaris,Grass Shrimp,5,8/17/23,20,,,1,,,,,
,Palaemon vulgaris,Grass Shrimp,5,8/17/23,27,,,1,,,,,
,Palaemon vulgaris,Grass Shrimp,5,8/17/23,31,,,1,,,,,
,Palaemon vulgaris,Grass Shrimp,5,8/17/23,30,,,1,,,,,
,Palaemon vulgaris,Grass Shrimp,5,8/17/23,29,,,1,,,,,
,Palaemon vulgaris,Grass Shrimp,5,8/17/23,31,,,1,,,,,
,Palaemon vulgaris,Grass Shrimp,5,8/17/23,26,,,1,,,,,
,Palaemon vulgaris,Grass Shrimp,5,8/17/23,26,,,1,,,,,
,Palaemon vulgaris,Grass Shrimp,5,8/17/23,26,,,1,,,,,
,Palaemon vulgaris,Grass Shrimp,5,8/17/23,,,23,1,153,23,,,total count estimated by mass
,Pagurus sp.,Hermit Crab,5,8/17/23,15,,1,1,,,,,
,Pagurus sp.,Hermit Crab,5,8/17/23,19,,1,1,,,,,
,Menidia menidia,Silverside,5,8/17/23,86,80,,1,,,,,
,Menidia menidia,Silverside,5,8/17/23,75,71,,1,,,,,
,Menidia menidia,Silverside,5,8/17/23,59,55,,1,,,,,
,Menidia menidia,Silverside,5,8/17/23,92,86,,1,,,,,
,Menidia menidia,Silverside,5,8/17/23,82,77,,1,,,,,
,Menidia menidia,Silverside,5,8/17/23,52,49,,1,,,,,
,Menidia menidia,Silverside,5,8/17/23,71,66,,1,,,,,
,Menidia menidia,Silverside,5,8/17/23,79,74,,1,,,,,
,Menidia menidia,Silverside,5,8/17/23,85,79,,1,,,,,
,Menidia menidia,Silverside,5,8/17/23,34,33,,1,,,,,
,Menidia menidia,Silverside,5,8/17/23,,,73,1,35,73,,,
,Fundulus heteroclitus,Mummichog,5,8/17/23,69,,5,1,,,,,
,Fundulus heteroclitus,Mummichog,5,8/17/23,88,,7,1,,,,,
,Fundulus heteroclitus,Mummichog,5,8/17/23,70,,5,1,,,,,
,Fundulus heteroclitus,Mummichog,5,8/17/23,78,,8,1,,,,,
,Fundulus heteroclitus,Mummichog,5,8/17/23,72,,6,1,,,,,
,Fundulus heteroclitus,Mummichog,5,8/17/23,78,,7,1,,,,,
,Fundulus heteroclitus,Mummichog,5,8/17/23,92,,10,1,,,,,
,Fundulus heteroclitus,Mummichog,5,8/17/23,84,,9,1,,,,,
,Fundulus heteroclitus,Mummichog,5,8/17/23,88,,11,1,,,,,
,Fundulus heteroclitus,Mummichog,5,8/17/23,64,,4,1,,,,,
,Orthopristis chrysoptera,Pigfish,5,8/17/23,22,20,1,1,,,,,
,Orthopristis chrysoptera,Pigfish,5,8/17/23,24,22,1,1,,,,,
,Fundulus majalis,Striped Killifish,5,8/17/23,59,,3,1,,,,,
,Fundulus majalis,Striped Killifish,5,8/17/23,71,,5,1,,,,,
,Fundulus majalis,Striped Killifish,5,8/17/23,34,,1,1,,,,,
,Fundulus majalis,Striped Killifish,5,8/17/23,43,,1,1,,,,,
,Fundulus majalis,Striped Killifish,5,8/17/23,51,,2,1,,,,,
,Panopeus herbstii,Mud Crab,5,8/17/23,9,,<1,1,,,,,
,Anchoa mitchilli,Anchovy,5,8/17/23,37,34,1,2,,,,,
,Anchoa mitchilli,Anchovy,5,8/17/23,42,40,1,2,,,,,
,Palaemon vulgaris,Grass Shrimp,5,8/17/23,30,,,2,,,,,
,Palaemon vulgaris,Grass Shrimp,5,8/17/23,32,,,2,,,,,
,Palaemon vulgaris,Grass Shrimp,5,8/17/23,23,,,2,,,,,
,Palaemon vulgaris,Grass Shrimp,5,8/17/23,22,,,2,,,,,
,Palaemon vulgaris,Grass Shrimp,5,8/17/23,28,,,2,,,,,
,Palaemon vulgaris,Grass Shrimp,5,8/17/23,33,,,2,,,,,
,Palaemon vulgaris,Grass Shrimp,5,8/17/23,30,,,2,,,,,
,Palaemon vulgaris,Grass Shrimp,5,8/17/23,25,,,2,,,,,
,Palaemon vulgaris,Grass Shrimp,5,8/17/23,29,,,2,,,,,
,Palaemon vulgaris,Grass Shrimp,5,8/17/23,24,,,2,,,,,
,Palaemon vulgaris,Grass Shrimp,5,8/17/23,24,,,2,,,,,
,Palaemon vulgaris,Grass Shrimp,5,8/17/23,,,3,2,13,3,,,
,Pogonias cromis,Black Drum,5,8/17/23,144,,42,2,,,,,
,Orthopristis chrysoptera,Pigfish,5,8/17/23,52,50,2,2,,,,,
,Fundulus majalis,Striped Killifish,5,8/17/23,44,,1,2,,,,,
,Callinectes sapidus,Blue Crab,5,8/17/23,115,,127,2,,,,,
,Ovalipes ocellatus,Lady Crab,5,8/17/23,39,,12,2,,,,,
,Pagurus sp.,Hermit Crab,5,8/17/23,20,,2,2,,,,,
,Pagurus sp.,Hermit Crab,5,8/17/23,11,,1,2,,,,,
,Pagurus sp.,Hermit Crab,5,8/17/23,10,,<1,2,,,,,
,Pagurus sp.,Hermit Crab,5,8/17/23,12,,1,2,,,,,
,Pagurus sp.,Hermit Crab,5,8/17/23,16,,1,2,,,,,
,Pagurus sp.,Hermit Crab,5,8/17/23,18,,1,2,,,,,
,Pagurus sp.,Hermit Crab,5,8/17/23,15,,1,2,,,,,
,Pagurus sp.,Hermit Crab,5,8/17/23,10,,<1,2,,,,,
,Menidia menidia,Silverside,5,8/17/23,80,74,,2,,,,,
,Menidia menidia,Silverside,5,8/17/23,85,80,,2,,,,,
,Menidia menidia,Silverside,5,8/17/23,50,47,,2,,,,,
,Menidia menidia,Silverside,5,8/17/23,56,52,,2,,,,,
,Menidia menidia,Silverside,5,8/17/23,55,51,,2,,,,,
,Menidia menidia,Silverside,5,8/17/23,65,60,,2,,,,,
,Menidia menidia,Silverside,5,8/17/23,103,98,,2,,,,,
,Menidia menidia,Silverside,5,8/17/23,58,54,,2,,,,,
,Menidia menidia,Silverside,5,8/17/23,39,37,,2,,,,,
,Menidia menidia,Silverside,5,8/17/23,76,71,,2,,,,,
,Menidia menidia,Silverside,5,8/17/23,,,130,2,73,130,,,total count estimated by mass
,Menidia menidia,Silverside,5,8/17/23,73,68,,3,,,,,
,Menidia menidia,Silverside,5,8/17/23,66,62,,3,,,,,
,Menidia menidia,Silverside,5,8/17/23,84,79,,3,,,,,
,Menidia menidia,Silverside,5,8/17/23,74,69,,3,,,,,
,Menidia menidia,Silverside,5,8/17/23,77,71,,3,,,,,
,Menidia menidia,Silverside,5,8/17/23,51,49,,3,,,,,
,Menidia menidia,Silverside,5,8/17/23,56,52,,3,,,,,
,Menidia menidia,Silverside,5,8/17/23,88,81,,3,,,,,
,Menidia menidia,Silverside,5,8/17/23,52,49,,3,,,,,
,Menidia menidia,Silverside,5,8/17/23,73,67,,3,,,,,
,Menidia menidia,Silverside,5,8/17/23,,,39,3,25,39,,,
,Bairdiella chrysoura,SIlver Perch,5,8/17/23,72,,,3,,,,,
,Bairdiella chrysoura,SIlver Perch,5,8/17/23,81,,,3,,,,,
,Bairdiella chrysoura,SIlver Perch,5,8/17/23,46,,,3,,,,,
,Bairdiella chrysoura,SIlver Perch,5,8/17/23,67,,,3,,,,,
,Bairdiella chrysoura,SIlver Perch,5,8/17/23,79,,,3,,,,,
,Bairdiella chrysoura,SIlver Perch,5,8/17/23,62,,,3,,,,,
,Bairdiella chrysoura,SIlver Perch,5,8/17/23,62,,,3,,,,,
,Bairdiella chrysoura,SIlver Perch,5,8/17/23,57,,,3,,,,,
,Bairdiella chrysoura,SIlver Perch,5,8/17/23,38,,,3,,,,,
,Bairdiella chrysoura,SIlver Perch,5,8/17/23,73,,,3,,,,,
,Bairdiella chrysoura,SIlver Perch,5,8/17/23,,,50,3,20,50,,,
,Tautoga onitis,Tautog,5,8/17/23,68,6,,3,,,,,
,Fundulus heteroclitus,Mummichog,5,8/17/23,83,8,,3,,,,,
,Anchoa mitchilli,Anchovy,5,8/17/23,36,33,,3,,,,,
,Anchoa mitchilli,Anchovy,5,8/17/23,32,30,,3,,,,,
,Anchoa mitchilli,Anchovy,5,8/17/23,34,32,,3,,,,,
,Anchoa mitchilli,Anchovy,5,8/17/23,33,32,,3,,,,,
,Anchoa mitchilli,Anchovy,5,8/17/23,33,32,,3,,,,,
,Anchoa mitchilli,Anchovy,5,8/17/23,33,30,,3,,,,,
,Anchoa mitchilli,Anchovy,5,8/17/23,34,31,,3,,,,,
,Anchoa mitchilli,Anchovy,5,8/17/23,38,35,,3,,,,,
,Anchoa mitchilli,Anchovy,5,8/17/23,35,32,,3,,,,,
,Anchoa mitchilli,Anchovy,5,8/17/23,34,31,,3,,,,,
,Anchoa mitchilli,Anchovy,5,8/17/23,,,64,3,299,64,,,
,Palaemon vulgaris,Grass Shrimp,5,8/17/23,61,,,3,,,,,
,Palaemon vulgaris,Grass Shrimp,5,8/17/23,35,,,3,,,,,
,Palaemon vulgaris,Grass Shrimp,5,8/17/23,36,,,3,,,,,
,Palaemon vulgaris,Grass Shrimp,5,8/17/23,32,,,3,,,,,
,Palaemon vulgaris,Grass Shrimp,5,8/17/23,26,,,3,,,,,
,Palaemon vulgaris,Grass Shrimp,5,8/17/23,31,,,3,,,,,
,Palaemon vulgaris,Grass Shrimp,5,8/17/23,29,,,3,,,,,
,Palaemon vulgaris,Grass Shrimp,5,8/17/23,26,,,3,,,,,
,Palaemon vulgaris,Grass Shrimp,5,8/17/23,30,,,3,,,,,
,Palaemon vulgaris,Grass Shrimp,5,8/17/23,32,,,3,,,,,
,Palaemon vulgaris,Grass Shrimp,5,8/17/23,,,62,3,227,62,,,
,Syngnathus fuscus,Northern Pipefish,5,8/17/23,173,,2,3,,,,,
,Syngnathus fuscus,Northern Pipefish,5,8/17/23,163,,2,3,,,,,
,Orthopristis chrysoptera,Pigfish,5,8/17/23,18,16,<1,3,,,,,
,Gobiosoma bosc,Naked Goby,5,8/17/23,13,,<1,3,,,,,
,Callinectes sapidus,Blue Crab,5,8/17/23,149,,165,3,,,,,
,Callinectes sapidus,Blue Crab,5,8/17/23,63,,22,3,,,,,
,Callinectes sapidus,Blue Crab,5,8/17/23,9,,1,3,,,,,
,Callinectes sapidus,Blue Crab,5,8/17/23,9,,1,3,,,,,
,Callinectes sapidus,Blue Crab,5,8/17/23,17,,1,3,,,,,
,Pagurus sp.,Hermit Crab,5,8/17/23,9,,,3,,,,,
,Pagurus sp.,Hermit Crab,5,8/17/23,7,,,3,,,,,
,Pagurus sp.,Hermit Crab,5,8/17/23,5,,,3,,,,,
,Pagurus sp.,Hermit Crab,5,8/17/23,10,,,3,,,,,
,Pagurus sp.,Hermit Crab,5,8/17/23,7,,,3,,,,,
,Pagurus sp.,Hermit Crab,5,8/17/23,9,,,3,,,,,
,Pagurus sp.,Hermit Crab,5,8/17/23,4,,,3,,,,,
,Pagurus sp.,Hermit Crab,5,8/17/23,7,,,3,,,,,
,Pagurus sp.,Hermit Crab,5,8/17/23,6,,,3,,,,,
,Pagurus sp.,Hermit Crab,5,8/17/23,3,,,3,,,,,
,Pagurus sp.,Hermit Crab,5,8/17/23,,,5,3,14,5,,,
,Ilyanassa obsoleta,Mud Snail,5,8/17/23,16,,1,3,,,,,
,Ilyanassa obsoleta,Mud Snail,5,8/17/23,21,,2,3,,,,,
,Panopeus herbstii,Mud Crab,5,8/17/23,6,,,3,,,,,
,Panopeus herbstii,Mud Crab,5,8/17/23,12,,,3,,,,,
,Panopeus herbstii,Mud Crab,5,8/17/23,8,,,3,,,,,
,Panopeus herbstii,Mud Crab,5,8/17/23,7,,,3,,,,,
,Panopeus herbstii,Mud Crab,5,8/17/23,10,,,3,,,,,
,Panopeus herbstii,Mud Crab,5,8/17/23,9,,,3,,,,,
,Panopeus herbstii,Mud Crab,5,8/17/23,7,,,3,,,,,
,Panopeus herbstii,Mud Crab,5,8/17/23,9,,,3,,,,,
,Panopeus herbstii,Mud Crab,5,8/17/23,14,,,3,,,,,
,Panopeus herbstii,Mud Crab,5,8/17/23,,,2,3,9,2,,,
,,Green Crab,5,8/17/23,6,,<1,3,,,,,megalopa
,Palaemon vulgaris,Grass Shrimp,5,8/17/23,23,,,4,,,,,
,Palaemon vulgaris,Grass Shrimp,5,8/17/23,30,,,4,,,,,
,Palaemon vulgaris,Grass Shrimp,5,8/17/23,31,,,4,,,,,
,Palaemon vulgaris,Grass Shrimp,5,8/17/23,30,,,4,,,,,
,Palaemon vulgaris,Grass Shrimp,5,8/17/23,64,,,4,,,,,
,Palaemon vulgaris,Grass Shrimp,5,8/17/23,22,,,4,,,,,
,Palaemon vulgaris,Grass Shrimp,5,8/17/23,30,,,4,,,,,
,Palaemon vulgaris,Grass Shrimp,5,8/17/23,26,,,4,,,,,
,Palaemon vulgaris,Grass Shrimp,5,8/17/23,31,,,4,,,,,
,Palaemon vulgaris,Grass Shrimp,5,8/17/23,29,,,4,,,,,
,Palaemon vulgaris,Grass Shrimp,5,8/17/23,,,109,4,654,109,,,
,Anchoa mitchilli,Anchovy,5,8/17/23,29,27,,4,,,,,
,Anchoa mitchilli,Anchovy,5,8/17/23,36,31,,4,,,,,
,Anchoa mitchilli,Anchovy,5,8/17/23,36,31,,4,,,,,
,Anchoa mitchilli,Anchovy,5,8/17/23,36,32,,4,,,,,
,Anchoa mitchilli,Anchovy,5,8/17/23,37,33,,4,,,,,
,Anchoa mitchilli,Anchovy,5,8/17/23,34,30,,4,,,,,
,Anchoa mitchilli,Anchovy,5,8/17/23,32,28,,4,,,,,
,Anchoa mitchilli,Anchovy,5,8/17/23,35,31,,4,,,,,
,Anchoa mitchilli,Anchovy,5,8/17/23,35,31,,4,,,,,
,Anchoa mitchilli,Anchovy,5,8/17/23,31,28,,4,,,,,
,Anchoa mitchilli,Anchovy,5,8/17/23,,,503,4,2012,503,,,
,Menidia menidia,Silverside,5,8/17/23,43,41,,4,,,,,
,Menidia menidia,Silverside,5,8/17/23,62,56,,4,,,,,
,Menidia menidia,Silverside,5,8/17/23,51,48,,4,,,,,
,Menidia menidia,Silverside,5,8/17/23,51,46,,4,,,,,
,Menidia menidia,Silverside,5,8/17/23,60,56,,4,,,,,
,Menidia menidia,Silverside,5,8/17/23,69,64,,4,,,,,
,Menidia menidia,Silverside,5,8/17/23,51,47,,4,,,,,
,Menidia menidia,Silverside,5,8/17/23,53,49,,4,,,,,
,Menidia menidia,Silverside,5,8/17/23,54,50,,4,,,,,
,Menidia menidia,Silverside,5,8/17/23,50,47,,4,,,,,
,Menidia menidia,Silverside,5,8/17/23,,,193,4,226,193,,,
,Gobiosoma bosc,Naked Goby,5,8/17/23,21,,,4,,,,,
,Gobiosoma bosc,Naked Goby,5,8/17/23,22,,,4,,,,,
,Gobiosoma bosc,Naked Goby,5,8/17/23,12,,,4,,,,,
,Gobiosoma bosc,Naked Goby,5,8/17/23,20,,,4,,,,,
,Gobiosoma bosc,Naked Goby,5,8/17/23,10,,,4,,,,,
,Gobiosoma bosc,Naked Goby,5,8/17/23,18,,,4,,,,,
,Gobiosoma bosc,Naked Goby,5,8/17/23,15,,,4,,,,,
,Gobiosoma bosc,Naked Goby,5,8/17/23,17,,,4,,,,,
,Gobiosoma bosc,Naked Goby,5,8/17/23,17,,,4,,,,,
,Gobiosoma bosc,Naked Goby,5,8/17/23,14,,,4,,,,,
,Gobiosoma bosc,Naked Goby,5,8/17/23,,,1,4,20,1,,,
,Bairdiella chrysoura,SIlver Perch,5,8/17/23,62,,3,4,,,,,
,Bairdiella chrysoura,SIlver Perch,5,8/17/23,54,,2,4,,,,,
,Bairdiella chrysoura,SIlver Perch,5,8/17/23,21,,<1,4,,,,,
,Syngnathus fuscus,Northern Pipefish,5,8/17/23,163,,2,4,,,,,
,Syngnathus fuscus,Northern Pipefish,5,8/17/23,152,,1,4,,,,,
,Centropristis striata,Black Sea Bass,5,8/17/23,56,,3,4,,,,,
,Centropristis striata,Black Sea Bass,5,8/17/23,56,,3,4,,,,,
,Orthopristis chrysoptera,Pigfish,5,8/17/23,22,21,<1,4,,,,,
,Tautogolabrus adspersus,Cunner,5,8/17/23,23,,1,4,,,,,
,Paralichthys dentatus,Summer Flounder,5,8/17/23,189,,69,4,,,,,
,Alosa mediocris,Hickory Shad,5,8/17/23,32,30,<1,4,,,,,
,Lutjanus griseus,Gray Snapper,5,8/17/23,47,,2,4,,,,,
,Lutjanus griseus,Gray Snapper,5,8/17/23,37,,1,4,,,,,
,Lutjanus griseus,Gray Snapper,5,8/17/23,31,,1,4,,,,,
,Lutjanus griseus,Gray Snapper,5,8/17/23,20,,<1,4,,,,,
,Ilyanassa obsoleta,Mud Snail,5,8/17/23,8,,,4,,,,,
,Ilyanassa obsoleta,Mud Snail,5,8/17/23,6,,,4,,,,,
,Ilyanassa obsoleta,Mud Snail,5,8/17/23,6,,,4,,,,,
,Ilyanassa obsoleta,Mud Snail,5,8/17/23,5,,,4,,,,,
,Ilyanassa obsoleta,Mud Snail,5,8/17/23,4,,,4,,,,,
,Ilyanassa obsoleta,Mud Snail,5,8/17/23,6,,,4,,,,,
,Ilyanassa obsoleta,Mud Snail,5,8/17/23,3,,,4,,,,,
,Ilyanassa obsoleta,Mud Snail,5,8/17/23,4,,,4,,,,,
,Ilyanassa obsoleta,Mud Snail,5,8/17/23,4,,,4,,,,,
,Ilyanassa obsoleta,Mud Snail,5,8/17/23,4,,,4,,,,,
,Ilyanassa obsoleta,Mud Snail,5,8/17/23,,,3,4,10,3,,,
,,Slipper Shell,5,8/17/23,8,,<1,4,,,,,
,,Slipper Shell,5,8/17/23,3,,<1,4,,,,,
,,Slipper Shell,5,8/17/23,3,,<1,4,,,,,
,,Ribbed Mussel,5,8/17/23,8,,<1,4,,,,,
,Pagurus sp.,Hermit Crab,5,8/17/23,5,,,4,,,,,
,Pagurus sp.,Hermit Crab,5,8/17/23,5,,,4,,,,,
,Pagurus sp.,Hermit Crab,5,8/17/23,4,,,4,,,,,
,Pagurus sp.,Hermit Crab,5,8/17/23,5,,,4,,,,,
,Pagurus sp.,Hermit Crab,5,8/17/23,5,,,4,,,,,
,Pagurus sp.,Hermit Crab,5,8/17/23,4,,,4,,,,,
,Pagurus sp.,Hermit Crab,5,8/17/23,4,,,4,,,,,
,Pagurus sp.,Hermit Crab,5,8/17/23,3,,,4,,,,,
,Pagurus sp.,Hermit Crab,5,8/17/23,4,,,4,,,,,
,Pagurus sp.,Hermit Crab,5,8/17/23,4,,,4,,,,,
,Pagurus sp.,Hermit Crab,5,8/17/23,,,16,4,68,16,,,
,Callinectes sapidus,Blue Crab,5,8/17/23,47,,15,4,,,,,
,Callinectes sapidus,Blue Crab,5,8/17/23,62,,18,4,,,,,
,Callinectes sapidus,Blue Crab,5,8/17/23,81,,39,4,,,,,
,Callinectes sapidus,Blue Crab,5,8/17/23,66,,26,4,,,,,
,Callinectes sapidus,Blue Crab,5,8/17/23,106,,99,4,,,,,
,Callinectes sapidus,Blue Crab,5,8/17/23,112,,76,4,,,,,
,Callinectes sapidus,Blue Crab,5,8/17/23,87,,47,4,,,,,
,Callinectes sapidus,Blue Crab,5,8/17/23,98,,78,4,,,,,
,Callinectes sapidus,Blue Crab,5,8/17/23,83,,43,4,,,,,
,Callinectes sapidus,Blue Crab,5,8/17/23,9,,<1,4,,,,,
,Callinectes sapidus,Blue Crab,5,8/17/23,9,,<1,4,,,,,
,Callinectes sapidus,Blue Crab,5,8/17/23,7,,<1,4,,,,,
,Callinectes sapidus,Blue Crab,5,8/17/23,6,,<1,4,,,,,
,Panopeus herbstii,Mud Crab,5,8/17/23,13,,,4,,,,,
,Panopeus herbstii,Mud Crab,5,8/17/23,11,,,4,,,,,
,Panopeus herbstii,Mud Crab,5,8/17/23,10,,,4,,,,,
,Panopeus herbstii,Mud Crab,5,8/17/23,10,,,4,,,,,
,Panopeus herbstii,Mud Crab,5,8/17/23,13,,,4,,,,,
,Panopeus herbstii,Mud Crab,5,8/17/23,12,,,4,,,,,
,Panopeus herbstii,Mud Crab,5,8/17/23,9,,,4,,,,,
,Panopeus herbstii,Mud Crab,5,8/17/23,12,,,4,,,,,
,Panopeus herbstii,Mud Crab,5,8/17/23,11,,,4,,,,,
,Panopeus herbstii,Mud Crab,5,8/17/23,7,,,4,,,,,
,Panopeus herbstii,Mud Crab,5,8/17/23,7,,,4,,,,,
,Panopeus herbstii,Mud Crab,5,8/17/23,8,,,4,,,,,
,Panopeus herbstii,Mud Crab,5,8/17/23,6,,,4,,,,,
,Panopeus herbstii,Mud Crab,5,8/17/23,,,2,4,13,2,,,
,Pomatomus saltatrix,Bluefish,8,9/7/23,82,74,5,1,,,,,
,Symphurus plagiusa,Blackcheek Tonguefish,8,9/7/23,115,,16,1,,,,,
,Centropristis striata,Black Sea Bass,8,9/7/23,168,,72,1,,,,,
,Centropristis striata,Black Sea Bass,8,9/7/23,31,,1,1,,,,,
,Centropristis striata,Black Sea Bass,8,9/7/23,56,,3,1,,,,,
,Centropristis striata,Black Sea Bass,8,9/7/23,50,,2,1,,,,,
,Centropristis striata,Black Sea Bass,8,9/7/23,51,,2,1,,,,,
,Gobiosoma bosc,Naked Goby,8,9/7/23,28,,>1,1,,,,,
,Orthopristis chrysoptera,Pigfish,8,9/7/23,98,91,14,1,,,,,
,Orthopristis chrysoptera,Pigfish,8,9/7/23,92,87,12,1,,,,,
,Orthopristis chrysoptera,Pigfish,8,9/7/23,91,87,12,1,,,,,
,Orthopristis chrysoptera,Pigfish,8,9/7/23,69,66,5,1,,,,,
,Orthopristis chrysoptera,Pigfish,8,9/7/23,75,71,7,1,,,,,
,Orthopristis chrysoptera,Pigfish,8,9/7/23,53,51,3,1,,,,,
,Mugil curema,White Mullet,8,9/7/23,133,122,27,1,,,,,
,Mugil curema,White Mullet,8,9/7/23,156,143,49,1,,,,,
,Mugil curema,White Mullet,8,9/7/23,144,131,35,1,,,,,
,Palaemon vulgaris,Grass Shrimp,8,9/7/23,24,,,1,,,,,
,Palaemon vulgaris,Grass Shrimp,8,9/7/23,30,,,1,,,,,
,Palaemon vulgaris,Grass Shrimp,8,9/7/23,23,,,1,,,,,
,Palaemon vulgaris,Grass Shrimp,8,9/7/23,22,,,1,,,,,
,Palaemon vulgaris,Grass Shrimp,8,9/7/23,18,,,1,,,,,
,Palaemon vulgaris,Grass Shrimp,8,9/7/23,22,,,1,,,,,
,Palaemon vulgaris,Grass Shrimp,8,9/7/23,28,,,1,,,,,
,Palaemon vulgaris,Grass Shrimp,8,9/7/23,20,,,1,,,,,
,Palaemon vulgaris,Grass Shrimp,8,9/7/23,10,,,1,,,,,
,Palaemon vulgaris,Grass Shrimp,8,9/7/23,26,,,1,,,,,
,Palaemon vulgaris,Grass Shrimp,8,9/7/23,,,1,1,18,1,,,
,Eucinostomus argenteus,Spotfin Mojurra,8,9/7/23,55,47,2,1,,,,,
,Callinectes sapidus,Blue Crab,8,9/7/23,15,,<1,1,,,,,
,Callinectes sapidus,Blue Crab,8,9/7/23,18,,1,1,,,,,
,Callinectes sapidus,Blue Crab,8,9/7/23,9,,<1,1,,,,,
,Callinectes sapidus,Blue Crab,8,9/7/23,88,,42,1,,,,,
,Callinectes sapidus,Blue Crab,8,9/7/23,78,,37,1,,,,,
,Callinectes sapidus,Blue Crab,8,9/7/23,139,,164,1,,,,,
,Menidia menidia,Silverside,8,9/7/23,72,71,,1,,,,,
,Menidia menidia,Silverside,8,9/7/23,90,88,,1,,,,,
,Menidia menidia,Silverside,8,9/7/23,58,57,,1,,,,,
,Menidia menidia,Silverside,8,9/7/23,74,73,,1,,,,,
,Menidia menidia,Silverside,8,9/7/23,62,60,,1,,,,,
,Menidia menidia,Silverside,8,9/7/23,77,76,,1,,,,,
,Menidia menidia,Silverside,8,9/7/23,70,68,,1,,,,,
,Menidia menidia,Silverside,8,9/7/23,67,65,,1,,,,,
,Menidia menidia,Silverside,8,9/7/23,75,72,,1,,,,,
,Menidia menidia,Silverside,8,9/7/23,64,61,,1,,,,,
,Menidia menidia,Silverside,8,9/7/23,,,186,1,72,186,,,
,Anchoa mitchilli,Anchovy,8,9/7/23,39,32,,1,,,,,
,Anchoa mitchilli,Anchovy,8,9/7/23,39,35,,1,,,,,
,Anchoa mitchilli,Anchovy,8,9/7/23,37,33,,1,,,,,
,Anchoa mitchilli,Anchovy,8,9/7/23,35,31,,1,,,,,
,Anchoa mitchilli,Anchovy,8,9/7/23,37,33,,1,,,,,
,Anchoa mitchilli,Anchovy,8,9/7/23,35,32,,1,,,,,
,Anchoa mitchilli,Anchovy,8,9/7/23,33,30,,1,,,,,
,Anchoa mitchilli,Anchovy,8,9/7/23,33,30,,1,,,,,
,Anchoa mitchilli,Anchovy,8,9/7/23,47,43,,1,,,,,
,Anchoa mitchilli,Anchovy,8,9/7/23,37,33,,1,,,,,
,Anchoa mitchilli,Anchovy,8,9/7/23,,,32,1,108,32,,,
,Pagurus sp.,Hermit Crab,8,9/7/23,5,,,1,,,,,
,Pagurus sp.,Hermit Crab,8,9/7/23,3,,,1,,,,,
,Pagurus sp.,Hermit Crab,8,9/7/23,2,,,1,,,,,
,Pagurus sp.,Hermit Crab,8,9/7/23,5,,,1,,,,,
,Pagurus sp.,Hermit Crab,8,9/7/23,3,,,1,,,,,
,Pagurus sp.,Hermit Crab,8,9/7/23,6,,,1,,,,,
,Pagurus sp.,Hermit Crab,8,9/7/23,6,,,1,,,,,
,Pagurus sp.,Hermit Crab,8,9/7/23,5,,,1,,,,,
,Pagurus sp.,Hermit Crab,8,9/7/23,3,,,1,,,,,
,Pagurus sp.,Hermit Crab,8,9/7/23,2,,,1,,,,,
,Pagurus sp.,Hermit Crab,8,9/7/23,,,29,1,31,29,,,
,Leiostomus xanthurus,Spot,8,9/7/23,163,152,58,2,,,,,
,Leiostomus xanthurus,Spot,8,9/7/23,121,114,24,2,,,,,
,Orthopristis chrysoptera,Pigfish,8,9/7/23,73,78,7,2,,,,,
,Centropristis striata,Black Sea Bass,8,9/7/23,48,,2,2,,,,,
,Pagurus sp.,Hermit Crab,8,9/7/23,9,,1,2,,,,,
,Pagurus sp.,Hermit Crab,8,9/7/23,8,,1,2,,,,,
,Pagurus sp.,Hermit Crab,8,9/7/23,6,,1,2,,,,,
,Anchoa mitchilli,Anchovy,8,9/7/23,72,64,,2,,,,,
,Anchoa mitchilli,Anchovy,8,9/7/23,45,42,,2,,,,,
,Anchoa mitchilli,Anchovy,8,9/7/23,47,46,,2,,,,,
,Anchoa mitchilli,Anchovy,8,9/7/23,34,32,,2,,,,,
,Anchoa mitchilli,Anchovy,8,9/7/23,33,31,,2,,,,,
,Anchoa mitchilli,Anchovy,8,9/7/23,36,33,,2,,,,,
,Anchoa mitchilli,Anchovy,8,9/7/23,36,34,,2,,,,,
,Anchoa mitchilli,Anchovy,8,9/7/23,34,32,,2,,,,,
,Anchoa mitchilli,Anchovy,8,9/7/23,38,36,,2,,,,,
,Anchoa mitchilli,Anchovy,8,9/7/23,38,35,,2,,,,,
,Anchoa mitchilli,Anchovy,8,9/7/23,,,7,2,16,7,,,
,Menidia menidia,Silverside,8,9/7/23,59,62,2,2,,,,,
,Menidia menidia,Silverside,8,9/7/23,57,62,2,2,,,,,
,Menidia menidia,Silverside,8,9/7/23,55,59,2,2,,,,,
,Callinectes sapidus,Blue Crab,8,9/7/23,100,,64,2,,,,,
,Callinectes sapidus,Blue Crab,8,9/7/23,81,,42,2,,,,,
,Anchoa mitchilli,Anchovy,8,9/7/23,63,58,,3,,,,,
,Anchoa mitchilli,Anchovy,8,9/7/23,62,55,,3,,,,,
,Anchoa mitchilli,Anchovy,8,9/7/23,55,53,,3,,,,,
,Anchoa mitchilli,Anchovy,8,9/7/23,56,50,,3,,,,,
,Anchoa mitchilli,Anchovy,8,9/7/23,64,58,,3,,,,,
,Anchoa mitchilli,Anchovy,8,9/7/23,50,46,,3,,,,,
,Anchoa mitchilli,Anchovy,8,9/7/23,55,53,,3,,,,,
,Anchoa mitchilli,Anchovy,8,9/7/23,52,47,,3,,,,,
,Anchoa mitchilli,Anchovy,8,9/7/23,56,52,,3,,,,,
,Anchoa mitchilli,Anchovy,8,9/7/23,53,46,,3,,,,,
,Anchoa mitchilli,Anchovy,8,9/7/23,,,15,3,13,15,,,
,Menidia menidia,Silverside,8,9/7/23,90,85,,3,,,,,
,Menidia menidia,Silverside,8,9/7/23,74,70,,3,,,,,
,Menidia menidia,Silverside,8,9/7/23,67,65,,3,,,,,
,Menidia menidia,Silverside,8,9/7/23,73,70,,3,,,,,
,Menidia menidia,Silverside,8,9/7/23,49,47,,3,,,,,
,Menidia menidia,Silverside,8,9/7/23,79,74,,3,,,,,
,Menidia menidia,Silverside,8,9/7/23,84,80,,3,,,,,
,Menidia menidia,Silverside,8,9/7/23,66,61,,3,,,,,
,Menidia menidia,Silverside,8,9/7/23,44,41,,3,,,,,
,Menidia menidia,Silverside,8,9/7/23,75,71,,3,,,,,
,Menidia menidia,Silverside,8,9/7/23,,,95,3,61,95,,,
,Centropristis striata,Black Sea Bass,8,9/7/23,65,,4,3,,,,,
,Centropristis striata,Black Sea Bass,8,9/7/23,66,,4,3,,,,,
,Palaemon vulgaris,Grass Shrimp,8,9/7/23,32,,,3,,,,,
,Palaemon vulgaris,Grass Shrimp,8,9/7/23,25,,,3,,,,,
,Palaemon vulgaris,Grass Shrimp,8,9/7/23,35,,,3,,,,,
,Palaemon vulgaris,Grass Shrimp,8,9/7/23,25,,,3,,,,,
,Palaemon vulgaris,Grass Shrimp,8,9/7/23,35,,,3,,,,,
,Palaemon vulgaris,Grass Shrimp,8,9/7/23,30,,,3,,,,,
,Palaemon vulgaris,Grass Shrimp,8,9/7/23,37,,,3,,,,,
,Palaemon vulgaris,Grass Shrimp,8,9/7/23,31,,,3,,,,,
,Palaemon vulgaris,Grass Shrimp,8,9/7/23,30,,,3,,,,,
,Palaemon vulgaris,Grass Shrimp,8,9/7/23,28,,,3,,,,,
,Palaemon vulgaris,Grass Shrimp,8,9/7/23,,,26,3,137,26,,,
,Anguilla rostrata,American Eel,8,9/7/23,327,,64,3,,,,,
,Opsanus tau,Oyster Toadfish,8,9/7/23,50,,2,3,,,,,
,Hypsoblennius hentz,Feather Blenny,8,9/7/23,84,,12,3,,,,,
,Gobiosoma bosc,Naked Goby,8,9/7/23,40,,1,3,,,,,
,Gobiosoma bosc,Naked Goby,8,9/7/23,25,,<1,3,,,,,
,Orthopristis chrysoptera,Pigfish,8,9/7/23,51,49,3,3,,,,,
,Orthopristis chrysoptera,Pigfish,8,9/7/23,87,82,10,3,,,,,
,Orthopristis chrysoptera,Pigfish,8,9/7/23,43,41,1,3,,,,,
,Orthopristis chrysoptera,Pigfish,8,9/7/23,40,37,1,3,,,,,
,Orthopristis chrysoptera,Pigfish,8,9/7/23,46,45,2,3,,,,,
,Orthopristis chrysoptera,Pigfish,8,9/7/23,55,50,3,3,,,,,
,Orthopristis chrysoptera,Pigfish,8,9/7/23,35,33,1,3,,,,,
,Orthopristis chrysoptera,Pigfish,8,9/7/23,52,50,2,3,,,,,
,Pagurus sp.,Hermit Crab,8,9/7/23,8,,1,3,,,,,
,Pagurus sp.,Hermit Crab,8,9/7/23,10,,2,3,,,,,
,Pagurus sp.,Hermit Crab,8,9/7/23,5,,1,3,,,,,
,Pagurus sp.,Hermit Crab,8,9/7/23,9,,1,3,,,,,
,Ilyanassa obsoleta,Mud Snail,8,9/7/23,13,,1,3,,,,,
,Ilyanassa obsoleta,Mud Snail,8,9/7/23,18,,1,3,,,,,
,Ilyanassa obsoleta,Mud Snail,8,9/7/23,18,,2,3,,,,,
,Callinectes sapidus,Blue Crab,8,9/7/23,11,,<1,3,,,,,
,Callinectes sapidus,Blue Crab,8,9/7/23,14,,1,3,,,,,
,Callinectes sapidus,Blue Crab,8,9/7/23,14,,1,3,,,,,
,Callinectes sapidus,Blue Crab,8,9/7/23,59,,20,3,,,,,
,Panopeus herbstii,Mud Crab,8,9/7/23,26,,4,3,,,,,
,Panopeus herbstii,Mud Crab,8,9/7/23,9,,<1,3,,,,,
,Carcinus maenas,Green Crab,8,9/7/23,19,,2,3,,,,,
,Palaemon vulgaris,Grass Shrimp,8,9/7/23,130,,8,4,,,,,
,Palaemon vulgaris,Grass Shrimp,8,9/7/23,33,,1,4,,,,,
,Palaemon vulgaris,Grass Shrimp,8,9/7/23,30,,1,4,,,,,
,Palaemon vulgaris,Grass Shrimp,8,9/7/23,29,,1,4,,,,,
,Palaemon vulgaris,Grass Shrimp,8,9/7/23,28,,1,4,,,,,
,Palaemon vulgaris,Grass Shrimp,8,9/7/23,32,,1,4,,,,,
,Palaemon vulgaris,Grass Shrimp,8,9/7/23,28,,1,4,,,,,
,Palaemon vulgaris,Grass Shrimp,8,9/7/23,33,,1,4,,,,,
,Palaemon vulgaris,Grass Shrimp,8,9/7/23,24,,<1,4,,,,,
,Palaemon vulgaris,Grass Shrimp,8,9/7/23,29,,1,4,,,,,
,Palaemon vulgaris,Grass Shrimp,8,9/7/23,,,,4,,,,,
,Anchoa mitchilli,Anchovy,8,9/7/23,51,47,1,4,,,,,
,Anchoa mitchilli,Anchovy,8,9/7/23,56,52,1,4,,,,,
,Anchoa mitchilli,Anchovy,8,9/7/23,39,35,1,4,,,,,
,Menidia menidia,Silverside,8,9/7/23,39,42,1,4,,,,,
,Menidia menidia,Silverside,8,9/7/23,75,81,3,4,,,,,
,Menidia menidia,Silverside,8,9/7/23,47,50,1,4,,,,,
,Menidia menidia,Silverside,8,9/7/23,,,1,4,,,,,missing tail
,Menidia menidia,Silverside,8,9/7/23,57,59,2,4,,,,,
,Menidia menidia,Silverside,8,9/7/23,47,50,1,4,,,,,
,Menidia menidia,Silverside,8,9/7/23,45,47,1,4,,,,,
,Menidia menidia,Silverside,8,9/7/23,37,40,1,4,,,,,
,Anguilla rostrata,American Eel,8,9/7/23,252,,27,4,,,,,
,Ilyanassa obsoleta,Mud Snail,8,9/7/23,15,,1,4,,,,,
,Ilyanassa obsoleta,Mud Snail,8,9/7/23,10,,1,4,,,,,
,Ilyanassa obsoleta,Mud Snail,8,9/7/23,10,,1,4,,,,,
,Syngnathus fuscus,Northern Pipefish,8,9/7/23,181,,3,4,,,,,
,Orthopristis chrysoptera,Pigfish,8,9/7/23,58,54,3,4,,,,,
,Centropristis striata,Black Sea Bass,8,9/7/23,54,,2,4,,,,,
,Centropristis striata,Black Sea Bass,8,9/7/23,25,,<1,4,,,,,
,Centropristis striata,Black Sea Bass,8,9/7/23,56,,2,4,,,,,
,Centropristis striata,Black Sea Bass,8,9/7/23,45,,1,4,,,,,
,Centropristis striata,Black Sea Bass,8,9/7/23,44,,1,4,,,,,
,Centropristis striata,Black Sea Bass,8,9/7/23,32,,1,4,,,,,
,Gobiosoma bosc,Naked Goby,8,9/7/23,25,,<1,4,,,,,
,Gobiosoma bosc,Naked Goby,8,9/7/23,22,,<1,4,,,,,
,Gobiosoma bosc,Naked Goby,8,9/7/23,22,,<1,4,,,,,
,Gobiosoma bosc,Naked Goby,8,9/7/23,23,,<1,4,,,,,
,Gobiosoma bosc,Naked Goby,8,9/7/23,21,,<1,4,,,,,
,Pagurus sp.,Hermit Crab,8,9/7/23,8,,,4,,,,,
,Pagurus sp.,Hermit Crab,8,9/7/23,9,,,4,,,,,
,Pagurus sp.,Hermit Crab,8,9/7/23,7,,,4,,,,,
,Pagurus sp.,Hermit Crab,8,9/7/23,6,,,4,,,,,
,Pagurus sp.,Hermit Crab,8,9/7/23,10,,,4,,,,,
,Pagurus sp.,Hermit Crab,8,9/7/23,5,,,4,,,,,
,Pagurus sp.,Hermit Crab,8,9/7/23,7,,,4,,,,,
,Pagurus sp.,Hermit Crab,8,9/7/23,8,,,4,,,,,
,Pagurus sp.,Hermit Crab,8,9/7/23,7,,,4,,,,,
,Pagurus sp.,Hermit Crab,8,9/7/23,5,,,4,,,,,
,Pagurus sp.,Hermit Crab,8,9/7/23,,,12,4,23,12,,,
,,Slipper Shell,8,9/7/23,10,,,4,,,,,
,Callinectes sapidus,Blue Crab,8,9/7/23,87,,,4,,,,,
,Callinectes sapidus,Blue Crab,8,9/7/23,26,,,4,,,,,
,Callinectes sapidus,Blue Crab,8,9/7/23,20,,,4,,,,,
,Callinectes sapidus,Blue Crab,8,9/7/23,10,,,4,,,,,
,Callinectes sapidus,Blue Crab,8,9/7/23,11,,,4,,,,,
,Callinectes sapidus,Blue Crab,8,9/7/23,13,,,4,,,,,
,Callinectes sapidus,Blue Crab,8,9/7/23,25,,,4,,,,,
,Callinectes sapidus,Blue Crab,8,9/7/23,16,,,4,,,,,
,Callinectes sapidus,Blue Crab,8,9/7/23,16,,,4,,,,,
,Callinectes sapidus,Blue Crab,8,9/7/23,14,,,4,,,,,
,Callinectes sapidus,Blue Crab,8,9/7/23,,,28,4,15,28,,,
,Panopeus herbstii,Mud Crab,8,9/7/23,9,,1,4,,,,,
,Panopeus herbstii,Mud Crab,8,9/7/23,7,,<1,4,,,,,
,Anchoa mitchilli,Anchovy,12,10/4/23,44,41,,1,,,,,
,Anchoa mitchilli,Anchovy,12,10/4/23,36,33,,1,,,,,
,Anchoa mitchilli,Anchovy,12,10/4/23,42,37,,1,,,,,
,Anchoa mitchilli,Anchovy,12,10/4/23,46,44,,1,,,,,
,Anchoa mitchilli,Anchovy,12,10/4/23,32,29,,1,,,,,
,Anchoa mitchilli,Anchovy,12,10/4/23,42,40,,1,,,,,
,Anchoa mitchilli,Anchovy,12,10/4/23,38,37,,1,,,,,
,Anchoa mitchilli,Anchovy,12,10/4/23,40,38,,1,,,,,
,Anchoa mitchilli,Anchovy,12,10/4/23,31,29,,1,,,,,
,Anchoa mitchilli,Anchovy,12,10/4/23,39,38,,1,,,,,
,Anchoa mitchilli,Anchovy,12,10/4/23,,,4,1,14,4,,,
,Menidia menidia,Silverside,12,10/4/23,73,68,,1,,,,,
,Menidia menidia,Silverside,12,10/4/23,78,73,,1,,,,,
,Menidia menidia,Silverside,12,10/4/23,49,45,,1,,,,,
,Menidia menidia,Silverside,12,10/4/23,63,60,,1,,,,,
,Menidia menidia,Silverside,12,10/4/23,55,51,,1,,,,,
,Menidia menidia,Silverside,12,10/4/23,66,61,,1,,,,,
,Menidia menidia,Silverside,12,10/4/23,51,48,,1,,,,,
,Menidia menidia,Silverside,12,10/4/23,57,54,,1,,,,,
,Menidia menidia,Silverside,12,10/4/23,54,50,,1,,,,,
,Menidia menidia,Silverside,12,10/4/23,72,68,,1,,,,,
,Menidia menidia,Silverside,12,10/4/23,,,48,1,34,48,,,
,Panopeus herbstii,Mud Crab,12,10/4/23,10,,<1,1,,,,,
,Panopeus herbstii,Mud Crab,12,10/4/23,12,,1,1,,,,,
,Micropogonias undulatus,Atlantic Croaker,12,10/4/23,35,,,1,,,,,
,Micropogonias undulatus,Atlantic Croaker,12,10/4/23,28,,,1,,,,,
,Micropogonias undulatus,Atlantic Croaker,12,10/4/23,27,,,1,,,,,
,Micropogonias undulatus,Atlantic Croaker,12,10/4/23,20,,,1,,,,,
,Micropogonias undulatus,Atlantic Croaker,12,10/4/23,23,,,1,,,,,
,Micropogonias undulatus,Atlantic Croaker,12,10/4/23,15,,,1,,,,,
,Micropogonias undulatus,Atlantic Croaker,12,10/4/23,22,,,1,,,,,
,Micropogonias undulatus,Atlantic Croaker,12,10/4/23,19,,,1,,,,,
,Micropogonias undulatus,Atlantic Croaker,12,10/4/23,20,,,1,,,,,
,Micropogonias undulatus,Atlantic Croaker,12,10/4/23,22,,,1,,,,,
,Micropogonias undulatus,Atlantic Croaker,12,10/4/23,24,,,1,,,,,
,Micropogonias undulatus (total),Atlantic Croaker,12,10/4/23,,,3,1,11,,,,
,Etropus microstomus,Smallmouth Flounder,12,10/4/23,41,,1,1,,,,,
,Etropus microstomus,Smallmouth Flounder,12,10/4/23,46,,1,1,,,,,
,Etropus microstomus,Smallmouth Flounder,12,10/4/23,40,,1,1,,,,,
,Etropus microstomus,Smallmouth Flounder,12,10/4/23,46,,1,1,,,,,
,Cyprinodon variegatus,Sheepshead Minnow,12,10/4/23,29,,1,1,,,,,
,Fundulus majalis,Striped Killifish,12,10/4/23,72,,5,1,,,,,
,Centropristis striata,Black Sea Bass,12,10/4/23,73,,6,1,,,,,
,Centropristis striata,Black Sea Bass,12,10/4/23,78,,7,1,,,,,
,Centropristis striata,Black Sea Bass,12,10/4/23,60,,3,1,,,,,
,Orthopristis chrysoptera,Pigfish,12,10/4/23,111,103,23,1,,,,,
,Mugil curema,White Mullet,12,10/4/23,158,143,41,1,,,,,
,,Slipper Shell,12,10/4/23,7,,<1,1,,,,,
,Busycon carica,Knobbed Whelk,12,10/4/23,198,,793,1,,,,,
,Busycon carica,Knobbed Whelk,12,10/4/23,214,,881,1,,,,,
,Busycon carica,Knobbed Whelk,12,10/4/23,12,,<1,1,,,,,
,Urosalpinx cinerea,Oyster Drill,12,10/4/23,16,,1,1,,,,,
,Pagurus sp.,Hermit Crab,12,10/4/23,11,,,1,,,,,
,Pagurus sp.,Hermit Crab,12,10/4/23,10,,,1,,,,,
,Pagurus sp.,Hermit Crab,12,10/4/23,8,,,1,,,,,
,Pagurus sp.,Hermit Crab,12,10/4/23,10,,,1,,,,,
,Pagurus sp.,Hermit Crab,12,10/4/23,9,,,1,,,,,
,Pagurus sp.,Hermit Crab,12,10/4/23,11,,,1,,,,,
,Pagurus sp.,Hermit Crab,12,10/4/23,9,,,1,,,,,
,Pagurus sp.,Hermit Crab,12,10/4/23,11,,,1,,,,,
,Pagurus sp.,Hermit Crab,12,10/4/23,7,,,1,,,,,
,Pagurus sp.,Hermit Crab,12,10/4/23,6,,,1,,,,,
,Pagurus sp.,Hermit Crab,12,10/4/23,,,17,1,16,17,,,
,Palaemon vulgaris,Grass Shrimp,12,10/4/23,27,,<1,1,,,,,
,Palaemon vulgaris,Grass Shrimp,12,10/4/23,19,,<1,1,,,,,
,Palaemon vulgaris,Grass Shrimp,12,10/4/23,36,,1,1,,,,,
,Callinectes sapidus,Blue Crab,12,10/4/23,11,,<1,1,,,,,
,Callinectes sapidus,Blue Crab,12,10/4/23,13,,<1,1,,,,,
,Callinectes sapidus,Blue Crab,12,10/4/23,12,,<1,1,,,,,
,Callinectes sapidus,Blue Crab,12,10/4/23,18,,1,1,,,,,
,Callinectes sapidus,Blue Crab,12,10/4/23,23,,1,1,,,,,
,Callinectes sapidus,Blue Crab,12,10/4/23,20,,1,1,,,,,
,Callinectes sapidus,Blue Crab,12,10/4/23,117,,125,1,,,,,
,Callinectes sapidus,Blue Crab,12,10/4/23,110,,88,1,,,,,
,Micropogonias undulatus,Atlantic Croaker,12,10/4/23,19,,<1,2,,,,,
,Orthopristis chrysoptera,Pigfish,12,10/4/23,89,74,8,2,,,,,
,Anchoa mitchilli,Anchovy,12,10/4/23,87,81,5,2,,,,,
,Anchoa mitchilli,Anchovy,12,10/4/23,71,71,3,2,,,,,
,Menidia menidia,Silverside,12,10/4/23,71,66,,2,,,,,
,Menidia menidia,Silverside,12,10/4/23,89,82,,2,,,,,
,Menidia menidia,Silverside,12,10/4/23,89,82,,2,,,,,
,Menidia menidia,Silverside,12,10/4/23,75,69,,2,,,,,
,Menidia menidia,Silverside,12,10/4/23,56,52,,2,,,,,
,Menidia menidia,Silverside,12,10/4/23,78,72,,2,,,,,
,Menidia menidia,Silverside,12,10/4/23,53,50,,2,,,,,
,Menidia menidia,Silverside,12,10/4/23,55,51,,2,,,,,
,Menidia menidia,Silverside,12,10/4/23,6,57,,2,,,,,
,Menidia menidia,Silverside,12,10/4/23,49,46,,2,,,,,
,Menidia menidia,Silverside,12,10/4/23,,,119,2,78,119,,,
,Pagurus sp.,Hermit Crab,12,10/4/23,7,,1,2,,,,,
,Pagurus sp.,Hermit Crab,12,10/4/23,9,,2,2,,,,,
,Pagurus sp.,Hermit Crab,12,10/4/23,7,,1,2,,,,,
,Pagurus sp.,Hermit Crab,12,10/4/23,10,,2,2,,,,,
,Pagurus sp.,Hermit Crab,12,10/4/23,9,,1,2,,,,,
,Ilyanassa obsoleta,Mud Snail,12,10/4/23,16,,1,2,,,,,
,,Slipper Shell,12,10/4/23,7,,<1,2,,,,,
,Palaemon vulgaris,Grass Shrimp,12,10/4/23,37,,1,2,,,,,
,Palaemon vulgaris,Grass Shrimp,12,10/4/23,17,,<1,2,,,,,
,Palaemon vulgaris,Grass Shrimp,12,10/4/23,17,,<1,2,,,,,
,Palaemon vulgaris,Grass Shrimp,12,10/4/23,22,,<1,2,,,,,
,Geukensia demissa,Ribbed Mussle,12,10/4/23,5,,<1,2,,,,,
,Callinectes sapidus,Blue Crab,12,10/4/23,9,,<1,2,,,,,
,Callinectes sapidus,Blue Crab,12,10/4/23,32,,3,2,,,,,
,Menidia menidia,Silverside,12,10/4/23,66,63,,3,,,,,
,Menidia menidia,Silverside,12,10/4/23,101,95,,3,,,,,
,Menidia menidia,Silverside,12,10/4/23,90,85,,3,,,,,
,Menidia menidia,Silverside,12,10/4/23,64,60,,3,,,,,
,Menidia menidia,Silverside,12,10/4/23,76,72,,3,,,,,
,Menidia menidia,Silverside,12,10/4/23,72,67,,3,,,,,
,Menidia menidia,Silverside,12,10/4/23,66,62,,3,,,,,
,Menidia menidia,Silverside,12,10/4/23,68,63,,3,,,,,
,Menidia menidia,Silverside,12,10/4/23,55,53,,3,,,,,
,Menidia menidia,Silverside,12,10/4/23,65,61,,3,,,,,
,Menidia menidia,Silverside,12,10/4/23,,,381,3,214,381,,,
,Anchoa mitchilli,Anchovy,12,10/4/23,50,45,1,3,,,,,
,Anchoa mitchilli,Anchovy,12,10/4/23,60,57,2,3,,,,,
,Anchoa mitchilli,Anchovy,12,10/4/23,55,51,1,3,,,,,
,Centropristis striata,Black Sea Bass,12,10/4/23,41,,1,3,,,,,
,Etropus microstomus,Smallmouth Flounder,12,10/4/23,44,,1,3,,,,,
,Etropus microstomus,Smallmouth Flounder,12,10/4/23,40,,1,3,,,,,
,Hypsoblennius hentz,Feather Blenny,12,10/4/23,62,,4,3,,,,,
,Micropogonias undulatus,Atlantic Croaker,12,10/4/23,22,,<1,3,,,,,
,Micropogonias undulatus,Atlantic Croaker,12,10/4/23,29,,<1,3,,,,,
,Pagurus sp.,Hermit Crab,12,10/4/23,10,,2,3,,,,,
,Pagurus sp.,Hermit Crab,12,10/4/23,9,,2,3,,,,,
,Pagurus sp.,Hermit Crab,12,10/4/23,7,,1,3,,,,,
,Pagurus sp.,Hermit Crab,12,10/4/23,6,,1,3,,,,,
,Pagurus sp.,Hermit Crab,12,10/4/23,9,,1,3,,,,,
,Pagurus sp.,Hermit Crab,12,10/4/23,7,,1,3,,,,,
,Pagurus sp.,Hermit Crab,12,10/4/23,7,,1,3,,,,,
,Pagurus sp.,Hermit Crab,12,10/4/23,8,,1,3,,,,,
,Palaemon vulgaris,Grass Shrimp,12,10/4/23,35,,,3,,,,,
,Palaemon vulgaris,Grass Shrimp,12,10/4/23,42,,,3,,,,,
,Palaemon vulgaris,Grass Shrimp,12,10/4/23,26,,,3,,,,,
,Palaemon vulgaris,Grass Shrimp,12,10/4/23,27,,,3,,,,,
,Palaemon vulgaris,Grass Shrimp,12,10/4/23,23,,,3,,,,,
,Palaemon vulgaris,Grass Shrimp,12,10/4/23,31,,,3,,,,,
,Palaemon vulgaris,Grass Shrimp,12,10/4/23,21,,,3,,,,,
,Palaemon vulgaris,Grass Shrimp,12,10/4/23,20,,,3,,,,,
,Palaemon vulgaris,Grass Shrimp,12,10/4/23,,,1,3,8,1,,,
,Callinectes sapidus,Blue Crab,12,10/4/23,133,,93,3,,,,,
,Callinectes sapidus,Blue Crab,12,10/4/23,45,,6,3,,,,,
,Panopeus herbstii,Mud Crab,12,10/4/23,32,,12,3,,,,,
,Menidia menidia,Silverside,12,10/4/23,94,87,,4,,,,,
,Menidia menidia,Silverside,12,10/4/23,64,60,,4,,,,,
,Menidia menidia,Silverside,12,10/4/23,71,67,,4,,,,,
,Menidia menidia,Silverside,12,10/4/23,62,58,,4,,,,,
,Menidia menidia,Silverside,12,10/4/23,79,74,,4,,,,,
,Menidia menidia,Silverside,12,10/4/23,75,71,,4,,,,,
,Menidia menidia,Silverside,12,10/4/23,70,66,,4,,,,,
,Menidia menidia,Silverside,12,10/4/23,71,67,,4,,,,,
,Menidia menidia,Silverside,12,10/4/23,69,65,,4,,,,,
,Menidia menidia,Silverside,12,10/4/23,67,63,,4,,,,,
,Menidia menidia,Silverside,12,10/4/23,,,89,4,61,89,,,
,Anchoa mitchilli,Anchovy,12,10/4/23,44,37,,4,,,,,
,Anchoa mitchilli,Anchovy,12,10/4/23,34,31,,4,,,,,
,Anchoa mitchilli,Anchovy,12,10/4/23,34,31,,4,,,,,
,Anchoa mitchilli,Anchovy,12,10/4/23,33,32,,4,,,,,
,Anchoa mitchilli,Anchovy,12,10/4/23,33,31,,4,,,,,
,Anchoa mitchilli,Anchovy,12,10/4/23,36,33,,4,,,,,
,Anchoa mitchilli,Anchovy,12,10/4/23,35,32,,4,,,,,
,Anchoa mitchilli,Anchovy,12,10/4/23,35,32,,4,,,,,
,Anchoa mitchilli,Anchovy,12,10/4/23,25,23,,4,,,,,
,Anchoa mitchilli,Anchovy,12,10/4/23,,,,4,,,,,missing tail
,Anchoa mitchilli,Anchovy,12,10/4/23,,,2,4,10,2,,,
,Tautoga onitis,Tautog,12,10/4/23,51,,2,4,,,,,
,Tautoga onitis,Tautog,12,10/4/23,86,,11,4,,,,,
,Palaemon vulgaris,Grass Shrimp,12,10/4/23,32,,,4,,,,,
,Palaemon vulgaris,Grass Shrimp,12,10/4/23,35,,,4,,,,,
,Palaemon vulgaris,Grass Shrimp,12,10/4/23,29,,,4,,,,,
,Palaemon vulgaris,Grass Shrimp,12,10/4/23,35,,,4,,,,,
,Palaemon vulgaris,Grass Shrimp,12,10/4/23,30,,,4,,,,,
,Palaemon vulgaris,Grass Shrimp,12,10/4/23,27,,,4,,,,,
,Palaemon vulgaris,Grass Shrimp,12,10/4/23,31,,,4,,,,,
,Palaemon vulgaris,Grass Shrimp,12,10/4/23,28,,,4,,,,,
,Palaemon vulgaris,Grass Shrimp,12,10/4/23,27,,,4,,,,,
,Palaemon vulgaris,Grass Shrimp,12,10/4/23,29,,,4,,,,,
,Palaemon vulgaris,Grass Shrimp,12,10/4/23,,,29,4,151,29,,,
,Bairdiella chrysoura,Silver Perch,12,10/4/23,78,,6,4,,,,,
,Centropristis striata,Black Sea Bass,12,10/4/23,73,,6,4,,,,,
,Centropristis striata,Black Sea Bass,12,10/4/23,47,,2,4,,,,,
,Centropristis striata,Black Sea Bass,12,10/4/23,74,,6,4,,,,,
,Centropristis striata,Black Sea Bass,12,10/4/23,47,,2,4,,,,,
,Centropristis striata,Black Sea Bass,12,10/4/23,46,,2,4,,,,,
,Centropristis striata,Black Sea Bass,12,10/4/23,46,,1,4,,,,,
,Centropristis striata,Black Sea Bass,12,10/4/23,46,,1,4,,,,,
,Centropristis striata,Black Sea Bass,12,10/4/23,47,,1,4,,,,,
,Centropristis striata,Black Sea Bass,12,10/4/23,40,,1,4,,,,,
,Gobiesox stumosus,Skilletfish,12,10/4/23,16,,<1,4,,,,,
,Lutjanus griseus,Gray Snapper,12,10/4/23,68,,5,4,,,,,
,Syngnathus fuscus,Northern Pipefish,12,10/4/23,100,,1,4,,,,,
,Syngnathus fuscus,Northern Pipefish,12,10/4/23,98,,1,4,,,,,
,Syngnathus fuscus,Northern Pipefish,12,10/4/23,89,,1,4,,,,,
,Syngnathus fuscus,Northern Pipefish,12,10/4/23,141,,2,4,,,,,
,Syngnathus fuscus,Northern Pipefish,12,10/4/23,195,,4,4,,,,,
,Micropogonias undulatus,Atlantic Croaker,12,10/4/23,36,,1,4,,,,,
,Micropogonias undulatus,Atlantic Croaker,12,10/4/23,29,,<1,4,,,,,
,Micropogonias undulatus,Atlantic Croaker,12,10/4/23,26,,<1,4,,,,,
,Micropogonias undulatus,Atlantic Croaker,12,10/4/23,25,,<1,4,,,,,
,Micropogonias undulatus,Atlantic Croaker,12,10/4/23,23,,<1,4,,,,,
,Micropogonias undulatus,Atlantic Croaker,12,10/4/23,18,,<1,4,,,,,
,Pagurus sp.,Hermit Crab,12,10/4/23,8,,1,4,,,,,
,Pagurus sp.,Hermit Crab,12,10/4/23,8,,1,4,,,,,
,Pagurus sp.,Hermit Crab,12,10/4/23,6,,1,4,,,,,
,Pagurus sp.,Hermit Crab,12,10/4/23,4,,1,4,,,,,
,Pagurus sp.,Hermit Crab,12,10/4/23,4,,1,4,,,,,
,Pagurus sp.,Hermit Crab,12,10/4/23,4,,<1,4,,,,,
,Pagurus sp.,Hermit Crab,12,10/4/23,3,,<1,4,,,,,
,Callinectes sapidus,Blue Crab,12,10/4/23,18,,1,4,,,,,
,Callinectes sapidus,Blue Crab,12,10/4/23,19,,1,4,,,,,
,Callinectes sapidus,Blue Crab,12,10/4/23,25,,1,4,,,,,
,Callinectes sapidus,Blue Crab,12,10/4/23,23,,1,4,,,,,
,Callinectes sapidus,Blue Crab,12,10/4/23,27,,2,4,,,,,
,Callinectes sapidus,Blue Crab,12,10/4/23,7,,<1,4,,,,,
,Callinectes sapidus,Blue Crab,12,10/4/23,11,,1,4,,,,,
,Callinectes sapidus,Blue Crab,12,10/4/23,17,,1,4,,,,,
,Callinectes sapidus,Blue Crab,12,10/4/23,99,,70,4,,,,,
,Callinectes sapidus,Blue Crab,12,10/4/23,141,,143,4,,,,,
,Callinectes sapidus,Blue Crab,12,10/4/23,135,,126,4,,,,,
,Callinectes sapidus,Blue Crab,12,10/4/23,10,,1,4,,,,,